CEDULA;CODGRA;GRADO;CODFZA;COMPONENTE;APELLIDOS Y NOMBRES;FECHA DE INGRESO;TIEMPO DE SERVICIO;NUMERO DE HIJOS;FECHA ULTIMO ASCENSO;TIEMPO DE SERVICIO EN EL GRADO;SUELDO BASICO;FACTOR PRIMA TRANSPORTE;PRIMA TRANSPORTE;PRIMA TIEMPO DE SERVICIO;FACTOR PRIMA DESCENDENCIA;PRIMA DESCENDENCIA;FACTOR PRIMA DE PRODUC.;PRIMA DE PRODUCTIVIDAD;ESTATUS NO ASCENSO;PRIMA NO ASCENSO;FACTOR PRIMA PROF.;PRIMA PROF.;FACTOR PRIMA COMP.;PRIMA COMPENSACION ESPECIAL;SUELDO MENSUAL;ALI. BONO FIN AÑO;DIA BON. VAC.;DIAS ADI. ACUM.
5873940;15;A;2;ARB;ORTIZ ROJAS VICTOR MIGUEL ;1985-07-05;33;2;2014-09-30;3;15950000.00;60;600000;4785000;50;1000000;60;9570000;0;0;12;1914000;80;800000;34619000;11539666.67;50;575701.38
6364227;15;A;2;ARB;MANEIRO GASPAR ORLANDO MIGUEL ;1985-07-05;33;1;2015-07-24;2;15950000.00;60;600000;4785000;50;500000;60;9570000;0;0;12;1914000;80;800000;34119000;11373000;50;574250.08
6442156;15;A;2;ARB;DIAZ CLEMENTE ANTONIO ;1986-07-05;32;2;2017-07-05;0;15650000.00;60;600000;4695000;50;1000000;60;9390000;0;0;12;1878000;80;800000;34013000;11337666.67;50;556717.46
5578370;15;A;2;ARB;DI TIZIO DE SPIEZIA ELISA AME ;1985-07-05;33;3;2015-07-24;2;15950000.00;60;600000;4785000;50;1500000;60;9570000;0;0;12;1914000;80;800000;35119000;11706333.33;50;575804.08
8579025;15;A;2;ARB;MONTPLAISIER   FRANKLIN ASDRU ;1985-07-05;32;2;2014-09-30;3;15950000.00;60;600000;4785000;50;1000000;60;9570000;0;0;12;1914000;80;800000;34619000;11539666.67;50;575701.38
7818126;15;A;2;ARB;HERRERA BALZA EDGLIS EMIRO ;1986-07-05;32;3;2016-07-07;1;15950000.00;60;600000;4785000;50;1500000;60;9570000;0;0;12;1914000;80;800000;35119000;11706333.33;50;566080.85
6900668;15;A;2;ARB;ALESSANDRELLO CIMADEVILLA GIU ;1987-07-05;31;3;2017-06-25;0;15650000.00;60;600000;4695000;50;1500000;60;9390000;0;0;12;1878000;80;800000;34513000;11504333.33;50;550312.83
6911971;15;A;2;ARB;JIMENEZ RATTIA ELADIO JOSE GR ;1987-07-05;30;3;2017-06-25;0;15650000.00;60;600000;4695000;50;1500000;60;9390000;0;0;12;1878000;80;800000;34513000;11504333.33;50;550312.83
