cedula;grado_codigo;componente_id;apellidos_nombres;fecha_ingreso;tiempo_servicio;n_hijos;fecha_ultimo_ascenso;antiguedad_grado;sueldo_base;prima_tmt;prima_transporte;prima_smt;prima_tiemposervicio;prima_dmt;prima_descendencia;prima_emt;prima_especial;prima_nmt;prima_noascenso;prima_pmt;prima_profesionalizacion;sueldo_mensual;alicuota_aguinaldos;alicuota_vacaciones;sueldo_integral;asignacion_antiguedad;deposito_banco;garantias_acumuladas;dias_adicionales_acumulados;no_depositado_banco;garantias;dias_adicionales










